-- phpMyAdmin SQL Dump
-- version 5.2.1
-- https://www.phpmyadmin.net/
--
-- Host: 127.0.0.1
-- Generation Time: Nov 28, 2025 at 10:23 PM
-- Server version: 10.4.32-MariaDB
-- PHP Version: 8.2.12

SET SQL_MODE = "NO_AUTO_VALUE_ON_ZERO";
START TRANSACTION;
SET time_zone = "+00:00";


/*!40101 SET @OLD_CHARACTER_SET_CLIENT=@@CHARACTER_SET_CLIENT */;
/*!40101 SET @OLD_CHARACTER_SET_RESULTS=@@CHARACTER_SET_RESULTS */;
/*!40101 SET @OLD_COLLATION_CONNECTION=@@COLLATION_CONNECTION */;
/*!40101 SET NAMES utf8mb4 */;

--
-- Database: `dept_sync_db`
--

-- --------------------------------------------------------

--
-- Table structure for table `attachments`
--

CREATE TABLE `attachments` (
  `ATTACHMENT_ID` int(11) NOT NULL,
  `RECORD_ID` int(11) NOT NULL,
  `FILENAME` varchar(255) NOT NULL,
  `MIME_TYPE` varchar(100) DEFAULT NULL,
  `BLOB_DATA` longblob DEFAULT NULL,
  `UPLOADED_BY` int(11) NOT NULL,
  `UPLOADED_AT` timestamp NOT NULL DEFAULT current_timestamp()
) ENGINE=InnoDB DEFAULT CHARSET=utf8mb4 COLLATE=utf8mb4_general_ci;

-- --------------------------------------------------------

--
-- Table structure for table `audit_log`
--

CREATE TABLE `audit_log` (
  `LOG_ID` bigint(20) NOT NULL,
  `LOG_TIMESTAMP` timestamp NOT NULL DEFAULT current_timestamp(),
  `USER_ID` int(11) DEFAULT NULL,
  `EVENT_TYPE` varchar(50) NOT NULL,
  `ENTITY_TYPE` varchar(50) DEFAULT NULL,
  `ENTITY_ID` varchar(36) DEFAULT NULL,
  `DETAILS` text DEFAULT NULL,
  `IP_ADDRESS` varchar(45) DEFAULT NULL
) ENGINE=InnoDB DEFAULT CHARSET=utf8mb4 COLLATE=utf8mb4_general_ci;

--
-- Dumping data for table `audit_log`
--

INSERT INTO `audit_log` (`LOG_ID`, `LOG_TIMESTAMP`, `USER_ID`, `EVENT_TYPE`, `ENTITY_TYPE`, `ENTITY_ID`, `DETAILS`, `IP_ADDRESS`) VALUES
(1, '2025-11-27 17:21:26', 1, 'LOGIN', NULL, NULL, 'User ebedi logged in.', NULL),
(2, '2025-11-27 17:22:06', 1, 'CREATE_USER', NULL, NULL, 'Created user: ebe (Role: 1)', NULL),
(3, '2025-11-27 17:22:48', 1, 'MANUAL_SYNC', NULL, NULL, 'Triggered LAN sync to 127.0.0.1', NULL),
(4, '2025-11-27 17:23:36', 3, 'LOGIN', NULL, NULL, 'User kalisa logged in.', NULL),
(5, '2025-11-27 17:24:13', 1, 'LOGIN', NULL, NULL, 'User ebedi logged in.', NULL),
(6, '2025-11-27 17:36:10', 1, 'LOGIN', NULL, NULL, 'User ebedi logged in.', NULL),
(7, '2025-11-27 17:36:42', 1, 'UPDATE_USER', NULL, NULL, 'Updated user: kalisa', NULL),
(8, '2025-11-27 17:37:35', 1, 'CREATE_USER', NULL, NULL, 'Created user: eee (Role: 1)', NULL),
(9, '2025-11-27 17:37:56', 1, 'UPDATE_USER', NULL, NULL, 'Updated user: eee', NULL),
(10, '2025-11-27 19:21:03', 1, 'LOGIN', NULL, NULL, 'User ebedi logged in.', NULL),
(11, '2025-11-27 19:28:42', 1, 'LOGIN', NULL, NULL, 'User ebedi logged in.', NULL),
(12, '2025-11-27 19:30:47', 3, 'LOGIN', NULL, NULL, 'User kalisa logged in.', NULL),
(13, '2025-11-27 19:31:59', 11, 'LOGIN', NULL, NULL, 'User emy logged in.', NULL),
(14, '2025-11-27 19:32:16', 11, 'CREATE_RECORD', NULL, NULL, 'Created record: 2222', NULL),
(15, '2025-11-27 19:33:01', 1, 'LOGIN', NULL, NULL, 'User ebedi logged in.', NULL),
(16, '2025-11-27 19:37:39', 13, 'LOGIN', NULL, NULL, 'User reka logged in.', NULL),
(17, '2025-11-27 19:37:45', 13, 'APPROVE_RECORD', NULL, NULL, 'Approved Record ID: 1', NULL),
(18, '2025-11-28 10:36:26', 1, 'LOGIN', NULL, NULL, 'User ebedi logged in.', NULL),
(19, '2025-11-28 11:05:15', 1, 'LOGIN', NULL, NULL, 'User ebedi logged in.', NULL),
(20, '2025-11-28 11:05:40', 1, 'CLOUD_BACKUP', NULL, NULL, 'Performed cloud backup', NULL),
(21, '2025-11-28 11:07:15', 1, 'CREATE_USER', NULL, NULL, 'Created user: kalisa25 (Role: 1)', NULL),
(22, '2025-11-28 11:08:57', 17, 'LOGIN', NULL, NULL, 'User edison logged in.', NULL),
(23, '2025-11-28 11:09:13', 17, 'GRANT_VISIBILITY', NULL, NULL, 'Granted visibility of Record 1 to Dept 1', NULL),
(24, '2025-11-28 11:10:38', 19, 'LOGIN', NULL, NULL, 'User edison2 logged in.', NULL),
(25, '2025-11-28 11:12:55', 1, 'LOGIN', NULL, NULL, 'User ebedi logged in.', NULL),
(26, '2025-11-28 11:19:14', 19, 'LOGIN', NULL, NULL, 'User edison2 logged in.', NULL),
(27, '2025-11-28 11:20:41', 20, 'LOGIN', NULL, NULL, 'User meleck logged in.', NULL),
(28, '2025-11-28 11:21:53', 20, 'CREATE_MARK', NULL, NULL, 'Added mark for Record ID: 1', NULL),
(29, '2025-11-28 11:24:42', 20, 'LOGIN', NULL, NULL, 'User meleck logged in.', NULL),
(30, '2025-11-28 11:25:54', 20, 'CREATE_RECORD', NULL, NULL, 'Created record: eeeeee', NULL),
(31, '2025-11-28 11:26:08', 20, 'GRANT_VISIBILITY', NULL, NULL, 'Granted visibility of Record 2 to Dept 2', NULL),
(32, '2025-11-28 11:27:36', 1, 'LOGIN', NULL, NULL, 'User ebedi logged in.', NULL),
(33, '2025-11-28 11:32:24', 1, 'LOGIN', NULL, NULL, 'User ebedi logged in.', NULL),
(34, '2025-11-28 11:33:11', 1, 'MANUAL_SYNC', NULL, NULL, 'Triggered LAN sync to 127.0.0.1', NULL),
(35, '2025-11-28 11:39:40', 1, 'LOGIN', NULL, NULL, 'User ebedi logged in.', NULL),
(36, '2025-11-28 11:40:25', 1, 'MANUAL_SYNC', NULL, NULL, 'Triggered LAN sync to 127.0.0.1', NULL),
(37, '2025-11-28 11:46:28', 1, 'LOGIN', NULL, NULL, 'User ebedi logged in.', NULL),
(38, '2025-11-28 11:53:16', 1, 'LOGIN', NULL, NULL, 'User ebedi logged in.', NULL),
(39, '2025-11-28 12:06:59', 1, 'LOGIN', NULL, NULL, 'User ebedi logged in.', NULL),
(40, '2025-11-28 12:07:28', 1, 'UPDATE_USER', NULL, NULL, 'Updated user: eee', NULL),
(41, '2025-11-28 12:21:03', 1, 'LOGIN', NULL, NULL, 'User ebedi logged in.', NULL),
(42, '2025-11-28 12:23:05', 1, 'LOGIN', NULL, NULL, 'User ebedi logged in.', NULL),
(43, '2025-11-28 12:32:28', 1, 'LOGIN', NULL, NULL, 'User ebedi logged in.', NULL),
(44, '2025-11-28 12:34:39', 17, 'LOGIN', NULL, NULL, 'User edison logged in.', NULL),
(45, '2025-11-28 12:36:13', 17, 'CREATE_MARK', NULL, NULL, 'Added mark for Record ID: 2', NULL),
(46, '2025-11-28 12:36:36', 1, 'LOGIN', NULL, NULL, 'User ebedi logged in.', NULL),
(47, '2025-11-28 12:36:58', 3, 'LOGIN', NULL, NULL, 'User kalisa logged in.', NULL),
(48, '2025-11-28 12:37:21', 17, 'LOGIN', NULL, NULL, 'User edison logged in.', NULL),
(49, '2025-11-28 12:38:59', 1, 'LOGIN', NULL, NULL, 'User ebedi logged in.', NULL),
(50, '2025-11-28 12:39:44', 1, 'LOGIN', NULL, NULL, 'User ebedi logged in.', NULL),
(51, '2025-11-28 12:40:21', 8, 'LOGIN', NULL, NULL, 'User kalisa2 logged in.', NULL),
(52, '2025-11-28 12:40:30', 8, 'APPROVE_RECORD', NULL, NULL, 'Approved Record ID: 2', NULL),
(53, '2025-11-28 12:40:40', 8, 'APPROVE_RECORD', NULL, NULL, 'Approved Record ID: 2', NULL),
(54, '2025-11-28 12:51:58', 1, 'LOGIN', NULL, NULL, 'User ebedi logged in.', NULL),
(55, '2025-11-28 12:52:46', 3, 'LOGIN', NULL, NULL, 'User kalisa logged in.', NULL),
(56, '2025-11-28 12:53:56', 1, 'LOGIN', NULL, NULL, 'User ebedi logged in.', NULL),
(57, '2025-11-28 12:55:23', 5, 'LOGIN', NULL, NULL, 'User hello logged in.', NULL),
(58, '2025-11-28 13:14:27', 1, 'LOGIN', NULL, NULL, 'User ebedi logged in.', NULL),
(59, '2025-11-28 13:15:39', 20, 'LOGIN', NULL, NULL, 'User meleck logged in.', NULL),
(60, '2025-11-28 13:17:59', 20, 'LOGIN', NULL, NULL, 'User meleck logged in.', NULL),
(61, '2025-11-28 13:25:47', 20, 'LOGIN', NULL, NULL, 'User meleck logged in.', NULL),
(62, '2025-11-28 13:28:22', 1, 'LOGIN', NULL, NULL, 'User ebedi logged in.', NULL),
(63, '2025-11-28 13:30:19', 1, 'UPDATE_USER', NULL, NULL, 'Updated user: meleck', NULL),
(64, '2025-11-28 13:32:31', 20, 'LOGIN', NULL, NULL, 'User meleck logged in.', NULL),
(65, '2025-11-28 13:35:15', 20, 'CREATE_USER', NULL, NULL, 'Created student user: gerege', NULL),
(66, '2025-11-28 13:55:09', 1, 'LOGIN', NULL, NULL, 'User ebedi logged in.', NULL),
(67, '2025-11-28 13:55:41', 20, 'LOGIN', NULL, NULL, 'User meleck logged in.', NULL),
(68, '2025-11-28 14:10:19', 20, 'LOGIN', NULL, NULL, 'User meleck logged in.', NULL),
(69, '2025-11-28 14:10:53', 20, 'CREATE_RECORD', NULL, NULL, 'Created record: HOME ', NULL),
(70, '2025-11-28 14:11:54', 20, 'CREATE_MARK', NULL, NULL, 'Added mark for Record ID: 3', NULL),
(71, '2025-11-28 14:13:02', 21, 'LOGIN', NULL, NULL, 'User gerege logged in.', NULL),
(72, '2025-11-28 14:28:19', 1, 'LOGIN', NULL, NULL, 'User ebedi logged in.', NULL),
(73, '2025-11-28 14:39:44', 1, 'LOGIN', NULL, NULL, 'User ebedi logged in.', NULL),
(74, '2025-11-28 14:44:33', 1, 'LOGIN', NULL, NULL, 'User ebedi logged in.', NULL),
(75, '2025-11-28 14:52:18', 1, 'LOGIN', NULL, NULL, 'User ebedi logged in.', NULL),
(76, '2025-11-28 15:08:00', 1, 'LOGIN', NULL, NULL, 'User ebedi logged in.', NULL),
(77, '2025-11-28 15:09:47', 1, 'CLOUD_BACKUP', NULL, NULL, 'Performed backup to: D:\\JAVA\\GROUP3JAVAPROJECT\\DepartmentalDataSyncBox\\backup', NULL),
(78, '2025-11-28 15:21:14', 1, 'LOGIN', NULL, NULL, 'User ebedi logged in.', NULL),
(79, '2025-11-28 15:21:27', 1, 'CLOUD_BACKUP', NULL, NULL, 'Performed backup to: D:\\JAVA\\GROUP3JAVAPROJECT\\DepartmentalDataSyncBox\\backup', NULL),
(80, '2025-11-28 15:22:04', 1, 'CLOUD_BACKUP', NULL, NULL, 'Performed backup to: D:\\JAVA\\GROUP3JAVAPROJECT\\DepartmentalDataSyncBox\\backup', NULL),
(81, '2025-11-28 15:33:47', 1, 'LOGIN', NULL, NULL, 'User ebedi logged in.', NULL),
(82, '2025-11-28 15:34:16', 1, 'CLOUD_BACKUP', NULL, NULL, 'Performed backup to: D:\\JAVA\\GROUP3JAVAPROJECT\\DepartmentalDataSyncBox\\backup', NULL),
(83, '2025-11-28 15:47:27', 1, 'LOGIN', NULL, NULL, 'User ebedi logged in.', NULL),
(84, '2025-11-28 15:48:09', 1, 'CLOUD_BACKUP', NULL, NULL, 'Performed backup to: G:\\My Drive', NULL),
(85, '2025-11-28 15:56:40', 1, 'CLOUD_BACKUP', NULL, NULL, 'Performed backup to: G:\\My Drive', NULL),
(86, '2025-11-28 15:58:05', 1, 'CLOUD_BACKUP', NULL, NULL, 'Performed backup to: G:\\My Drive\\Departmental data sync box', NULL),
(87, '2025-11-28 16:19:22', 1, 'LOGIN', NULL, NULL, 'User ebedi logged in.', NULL),
(88, '2025-11-28 16:28:22', 1, 'LOGIN', NULL, NULL, 'User ebedi logged in.', NULL),
(89, '2025-11-28 16:28:37', 1, 'CLOUD_BACKUP', NULL, NULL, 'Backup performed. Local: true, Google: true', NULL),
(90, '2025-11-28 16:29:13', 1, 'CLOUD_BACKUP', NULL, NULL, 'Backup performed. Local: true, Google: true', NULL),
(91, '2025-11-28 16:30:13', 1, 'LOGIN', NULL, NULL, 'User ebedi logged in.', NULL),
(92, '2025-11-28 16:30:36', 3, 'LOGIN', NULL, NULL, 'User kalisa logged in.', NULL),
(93, '2025-11-28 16:30:53', 8, 'LOGIN', NULL, NULL, 'User kalisa2 logged in.', NULL),
(94, '2025-11-28 16:31:14', 8, 'APPROVE_RECORD', NULL, NULL, 'Approved Record ID: 3', NULL),
(95, '2025-11-28 16:31:54', 21, 'LOGIN', NULL, NULL, 'User gerege logged in.', NULL),
(96, '2025-11-28 16:50:31', 1, 'LOGIN', NULL, NULL, 'User ebedi logged in.', NULL),
(97, '2025-11-28 16:55:22', 1, 'LOGIN', NULL, NULL, 'User ebedi logged in.', NULL),
(98, '2025-11-28 16:56:50', 1, 'CLOUD_BACKUP', NULL, NULL, 'Backup performed. Local: true, Google: true', NULL),
(99, '2025-11-28 17:12:16', 1, 'LOGIN', NULL, NULL, 'User ebedi logged in.', NULL),
(100, '2025-11-28 18:17:55', 1, 'LOGIN', NULL, NULL, 'User ebedi logged in.', NULL),
(101, '2025-11-28 19:01:15', 1, 'LOGIN', NULL, NULL, 'User ebedi logged in.', NULL),
(102, '2025-11-28 19:14:43', 1, 'LOGIN', NULL, NULL, 'User ebedi logged in.', NULL),
(103, '2025-11-28 19:42:36', 1, 'LOGIN', NULL, NULL, 'User ebedi logged in.', NULL),
(104, '2025-11-28 20:43:15', 1, 'LOGIN', NULL, NULL, 'User ebedi logged in.', NULL),
(105, '2025-11-28 20:46:45', 5, 'LOGIN', NULL, NULL, 'User hello logged in.', NULL),
(106, '2025-11-28 20:47:18', 1, 'LOGIN', NULL, NULL, 'User ebedi logged in.', NULL),
(107, '2025-11-28 20:50:18', 1, 'LOGIN', NULL, NULL, 'User ebedi logged in.', NULL),
(108, '2025-11-28 20:53:17', 17, 'LOGIN', NULL, NULL, 'User edison logged in.', NULL),
(109, '2025-11-28 20:53:22', 17, 'LOGIN', NULL, NULL, 'User edison logged in.', NULL),
(110, '2025-11-28 20:54:21', 17, 'CREATE_USER', NULL, NULL, 'Created student user: eee2', NULL),
(111, '2025-11-28 20:55:35', 17, 'CREATE_RECORD', NULL, NULL, 'Created record: eee', NULL),
(112, '2025-11-28 20:56:02', 17, 'CREATE_MARK', NULL, NULL, 'Added mark for Record ID: 4', NULL),
(113, '2025-11-28 20:56:49', 1, 'LOGIN', NULL, NULL, 'User ebedi logged in.', NULL),
(114, '2025-11-28 20:57:20', 1, 'CLOUD_BACKUP', NULL, NULL, 'Backup performed. Local: false, Google: false', NULL),
(115, '2025-11-28 20:59:41', 1, 'MANUAL_SYNC', NULL, NULL, 'Triggered LAN sync to 127.0.0.1', NULL),
(116, '2025-11-28 21:21:35', 1, 'LOGIN', NULL, NULL, 'User ebedi logged in.', NULL);

-- --------------------------------------------------------

--
-- Table structure for table `departments`
--

CREATE TABLE `departments` (
  `DEPARTMENT_ID` int(11) NOT NULL,
  `SYNC_UUID` varchar(36) NOT NULL,
  `DEPARTMENT_NAME` varchar(100) NOT NULL,
  `HEAD_USER_ID` int(11) DEFAULT NULL,
  `LAST_MODIFIED_TS` bigint(20) NOT NULL,
  `SOURCE_ACTOR_ID` varchar(36) NOT NULL,
  `IS_DELETED` tinyint(1) NOT NULL DEFAULT 0,
  `CREATED_AT` timestamp NOT NULL DEFAULT current_timestamp(),
  `CODE` varchar(20) DEFAULT NULL,
  `NODE_IP` varchar(50) DEFAULT NULL,
  `UPDATED_AT` timestamp NOT NULL DEFAULT current_timestamp() ON UPDATE current_timestamp(),
  `ACTIVE_FLAG` tinyint(1) NOT NULL DEFAULT 1
) ENGINE=InnoDB DEFAULT CHARSET=utf8mb4 COLLATE=utf8mb4_general_ci;

--
-- Dumping data for table `departments`
--

INSERT INTO `departments` (`DEPARTMENT_ID`, `SYNC_UUID`, `DEPARTMENT_NAME`, `HEAD_USER_ID`, `LAST_MODIFIED_TS`, `SOURCE_ACTOR_ID`, `IS_DELETED`, `CREATED_AT`, `CODE`, `NODE_IP`, `UPDATED_AT`, `ACTIVE_FLAG`) VALUES
(1, '11111111-1111-4000-8000-000000000001', 'IT Department', NULL, 1732626450000, 'LOCAL_NODE_01', 0, '2025-11-27 14:06:08', NULL, NULL, '2025-11-27 19:27:55', 1),
(2, '22222222-2222-4000-8000-000000000002', 'Finance', NULL, 1732626450000, 'LOCAL_NODE_01', 0, '2025-11-27 14:06:08', NULL, NULL, '2025-11-27 19:27:55', 1);

-- --------------------------------------------------------

--
-- Table structure for table `marks`
--

CREATE TABLE `marks` (
  `MARK_ID` int(11) NOT NULL,
  `SYNC_UUID` varchar(36) NOT NULL,
  `RECORD_ID` int(11) NOT NULL,
  `COURSE_CODE` varchar(20) NOT NULL,
  `COURSE_NAME` varchar(100) NOT NULL,
  `GRADE` varchar(5) NOT NULL,
  `SCORE` decimal(5,2) DEFAULT NULL,
  `SEMESTER` varchar(20) DEFAULT NULL,
  `ISSUED_BY_USER_ID` int(11) NOT NULL,
  `LAST_MODIFIED_TS` bigint(20) NOT NULL,
  `SOURCE_ACTOR_ID` varchar(36) NOT NULL,
  `IS_DELETED` tinyint(1) NOT NULL DEFAULT 0,
  `CREATED_AT` timestamp NOT NULL DEFAULT current_timestamp(),
  `UPDATED_AT` timestamp NOT NULL DEFAULT current_timestamp() ON UPDATE current_timestamp()
) ENGINE=InnoDB DEFAULT CHARSET=utf8mb4 COLLATE=utf8mb4_general_ci;

--
-- Dumping data for table `marks`
--

INSERT INTO `marks` (`MARK_ID`, `SYNC_UUID`, `RECORD_ID`, `COURSE_CODE`, `COURSE_NAME`, `GRADE`, `SCORE`, `SEMESTER`, `ISSUED_BY_USER_ID`, `LAST_MODIFIED_TS`, `SOURCE_ACTOR_ID`, `IS_DELETED`, `CREATED_AT`, `UPDATED_AT`) VALUES
(1, '155452c8-01fd-406b-9bda-8fa16b7e07fd', 1, 'C4555', 'Software develop men t', '3', 56.00, '1', 20, 1764328912959, 'meleck', 0, '2025-11-28 11:21:52', '2025-11-28 11:21:52'),
(2, 'ab47a08d-36b7-4266-8574-630c3d148552', 2, 'CSSOD', 'SOFTWARE ', '2', 70.00, '2', 17, 1764333372624, 'edison', 0, '2025-11-28 12:36:12', '2025-11-28 12:36:12'),
(3, 'b4fffe8d-0d93-403a-8182-1f8f8c3ea9f7', 3, 'CSCOD', 'Heruku', '5', 70.00, '2', 20, 1764339114188, 'meleck', 0, '2025-11-28 14:11:54', '2025-11-28 14:11:54'),
(4, '171f9244-1fe2-46da-a772-82c6e92d897e', 4, 'DD', 'EE', '5', 45.00, '1', 17, 1764363363368, 'edison', 0, '2025-11-28 20:56:02', '2025-11-28 20:56:02');

-- --------------------------------------------------------

--
-- Table structure for table `records`
--

CREATE TABLE `records` (
  `RECORD_ID` int(11) NOT NULL,
  `SYNC_UUID` varchar(36) NOT NULL,
  `STUDENT_ID_NO` varchar(50) NOT NULL,
  `RECORD_TYPE` enum('STUDENT','STAFF') NOT NULL,
  `TITLE` varchar(255) NOT NULL,
  `DESCRIPTION` text DEFAULT NULL,
  `DEPARTMENT_ORIGIN_ID` int(11) NOT NULL,
  `STATUS` enum('DRAFT','PENDING','APPROVED','ARCHIVED') NOT NULL,
  `CREATED_BY` int(11) NOT NULL,
  `LAST_MODIFIED_TS` bigint(20) NOT NULL,
  `SOURCE_ACTOR_ID` varchar(36) NOT NULL,
  `IS_DELETED` tinyint(1) NOT NULL DEFAULT 0,
  `CREATED_AT` timestamp NOT NULL DEFAULT current_timestamp(),
  `UPDATED_AT` timestamp NOT NULL DEFAULT current_timestamp() ON UPDATE current_timestamp()
) ENGINE=InnoDB DEFAULT CHARSET=utf8mb4 COLLATE=utf8mb4_general_ci;

--
-- Dumping data for table `records`
--

INSERT INTO `records` (`RECORD_ID`, `SYNC_UUID`, `STUDENT_ID_NO`, `RECORD_TYPE`, `TITLE`, `DESCRIPTION`, `DEPARTMENT_ORIGIN_ID`, `STATUS`, `CREATED_BY`, `LAST_MODIFIED_TS`, `SOURCE_ACTOR_ID`, `IS_DELETED`, `CREATED_AT`, `UPDATED_AT`) VALUES
(1, 'bab2bdd4-96d7-4982-800f-429c73d1be69', '222222', 'STUDENT', '2222', '222222', 1, 'APPROVED', 11, 1764272265587, 'DESKTOP-2CU4D60', 0, '2025-11-27 19:32:16', '2025-11-27 19:37:45'),
(2, 'fd003017-9edb-452c-aff8-c6e007fada9b', '24rp07192', 'STUDENT', 'eeeeee', 'manage ', 1, 'APPROVED', 20, 1764333640619, 'DESKTOP-2CU4D60', 0, '2025-11-28 11:25:54', '2025-11-28 12:40:40'),
(3, '6ae339bc-62be-4044-b63f-3f2039a4c34f', 'gerege', 'STUDENT', 'HOME ', 'Reca', 1, 'APPROVED', 20, 1764347474128, 'DESKTOP-2CU4D60', 0, '2025-11-28 14:10:53', '2025-11-28 16:31:14'),
(4, '8f28fb4a-eedd-482a-a18b-758bc47617c3', 'eee2', 'STUDENT', 'eee', 'ehh', 1, 'PENDING', 17, 1764363336824, 'LAPTOP-ON1IKPH1', 0, '2025-11-28 20:55:35', '2025-11-28 20:55:35');

-- --------------------------------------------------------

--
-- Table structure for table `record_visibility`
--

CREATE TABLE `record_visibility` (
  `RECORD_ID` int(11) NOT NULL,
  `DEPARTMENT_ID` int(11) NOT NULL,
  `GRANTED_BY_USER_ID` int(11) NOT NULL,
  `GRANTED_AT` timestamp NOT NULL DEFAULT current_timestamp()
) ENGINE=InnoDB DEFAULT CHARSET=utf8mb4 COLLATE=utf8mb4_general_ci;

--
-- Dumping data for table `record_visibility`
--

INSERT INTO `record_visibility` (`RECORD_ID`, `DEPARTMENT_ID`, `GRANTED_BY_USER_ID`, `GRANTED_AT`) VALUES
(1, 1, 17, '2025-11-28 09:09:12'),
(2, 2, 20, '2025-11-28 09:26:08');

-- --------------------------------------------------------

--
-- Table structure for table `roles`
--

CREATE TABLE `roles` (
  `ROLE_ID` int(11) NOT NULL,
  `ROLE_NAME` varchar(50) NOT NULL,
  `DESCRIPTION` varchar(255) DEFAULT NULL
) ENGINE=InnoDB DEFAULT CHARSET=utf8mb4 COLLATE=utf8mb4_general_ci;

--
-- Dumping data for table `roles`
--

INSERT INTO `roles` (`ROLE_ID`, `ROLE_NAME`, `DESCRIPTION`) VALUES
(1, 'ADMIN', 'System Administrator with full rights.'),
(2, 'DEPT_HEAD', 'Department Head, controls own department records and user access.'),
(3, 'REGISTRY', 'Registry Staff, responsible for data entry and student registration.'),
(4, 'STUDENT', 'View-only access to their own records.');

-- --------------------------------------------------------

--
-- Table structure for table `sync_logs`
--

CREATE TABLE `sync_logs` (
  `LOG_ID` bigint(20) NOT NULL,
  `SYNC_TIMESTAMP` timestamp NOT NULL DEFAULT current_timestamp(),
  `REMOTE_ACTOR_ID` varchar(36) NOT NULL,
  `DIRECTION` enum('INBOUND','OUTBOUND') NOT NULL,
  `STATUS` enum('SUCCESS','FAILURE','PARTIAL') NOT NULL,
  `ITEMS_PROCESSED` int(11) NOT NULL,
  `ITEMS_CONFLICTED` int(11) NOT NULL DEFAULT 0,
  `DETAILS` text DEFAULT NULL
) ENGINE=InnoDB DEFAULT CHARSET=utf8mb4 COLLATE=utf8mb4_general_ci;

--
-- Dumping data for table `sync_logs`
--

INSERT INTO `sync_logs` (`LOG_ID`, `SYNC_TIMESTAMP`, `REMOTE_ACTOR_ID`, `DIRECTION`, `STATUS`, `ITEMS_PROCESSED`, `ITEMS_CONFLICTED`, `DETAILS`) VALUES
(1, '2025-11-28 09:33:12', '127.0.0.1', 'OUTBOUND', 'SUCCESS', 14, 0, 'Sent 14 items to 127.0.0.1'),
(2, '2025-11-28 18:59:42', '127.0.0.1', 'OUTBOUND', 'SUCCESS', 12, 0, 'Sent 12 items to 127.0.0.1');

-- --------------------------------------------------------

--
-- Table structure for table `sync_queue`
--

CREATE TABLE `sync_queue` (
  `QUEUE_ID` bigint(20) NOT NULL,
  `SYNC_UUID` varchar(36) NOT NULL,
  `ENTITY_NAME` varchar(50) NOT NULL,
  `OPERATION_TYPE` enum('CREATE','UPDATE','DELETE') NOT NULL,
  `PAYLOAD_JSON` longtext NOT NULL,
  `LAST_MODIFIED_TS` bigint(20) NOT NULL,
  `SOURCE_ACTOR_ID` varchar(36) NOT NULL,
  `STATUS` enum('PENDING','PROCESSING','COMPLETED','FAILED') NOT NULL DEFAULT 'PENDING',
  `RETRY_COUNT` int(11) NOT NULL DEFAULT 0,
  `CREATED_AT` timestamp NOT NULL DEFAULT current_timestamp()
) ENGINE=InnoDB DEFAULT CHARSET=utf8mb4 COLLATE=utf8mb4_general_ci;

--
-- Dumping data for table `sync_queue`
--

INSERT INTO `sync_queue` (`QUEUE_ID`, `SYNC_UUID`, `ENTITY_NAME`, `OPERATION_TYPE`, `PAYLOAD_JSON`, `LAST_MODIFIED_TS`, `SOURCE_ACTOR_ID`, `STATUS`, `RETRY_COUNT`, `CREATED_AT`) VALUES
(1, '01ca5d7f-b491-4659-9cc6-6409cf6891e1', 'User', 'CREATE', 'rO0ABXNyAAptb2RlbC5Vc2VyAAAAAAAAAAECAA1JAAxkZXBhcnRtZW50SWRaAAhpc0FjdGl2ZVoACWlzRGVsZXRlZEoADmxhc3RNb2RpZmllZFRzSQAGcm9sZUlkSQAGdXNlcklkTAAFZW1haWx0ABJMamF2YS9sYW5nL1N0cmluZztMAAlmaXJzdE5hbWVxAH4AAUwACGxhc3ROYW1lcQB+AAFMAAxwYXNzd29yZEhhc2hxAH4AAUwADXNvdXJjZUFjdG9ySWRxAH4AAUwACHN5bmNVVUlEcQB+AAFMAAh1c2VybmFtZXEAfgABeHAAAAABAQAAAAGaxjEDrwAAAAEAAAAAdAAVZWJlZGltZWxlY2tAZ21haWwuY29tdAAFaXR1emV0AAVlYmVkaXQAQDRlMWRkZGM5NDVlNWZiNDA2NmEyMTkxMTE1NzY3MTk1NGM4ZTExOTE2Y2U4ZTc4MTQxMGM3MWI1ODliZmYzMGF0AA9ERVNLVE9QLTJDVTRENjB0ACQwMWNhNWQ3Zi1iNDkxLTQ2NTktOWNjNi02NDA5Y2Y2ODkxZTF0AAVlYmVkaQ==', 1764261692335, 'DESKTOP-2CU4D60', 'COMPLETED', 1, '2025-11-27 16:41:33'),
(2, '7be73b2e-bdde-419c-ac88-a8d109be7a5e', 'User', 'CREATE', 'rO0ABXNyAAptb2RlbC5Vc2VyAAAAAAAAAAECAA1JAAxkZXBhcnRtZW50SWRaAAhpc0FjdGl2ZVoACWlzRGVsZXRlZEoADmxhc3RNb2RpZmllZFRzSQAGcm9sZUlkSQAGdXNlcklkTAAFZW1haWx0ABJMamF2YS9sYW5nL1N0cmluZztMAAlmaXJzdE5hbWVxAH4AAUwACGxhc3ROYW1lcQB+AAFMAAxwYXNzd29yZEhhc2hxAH4AAUwADXNvdXJjZUFjdG9ySWRxAH4AAUwACHN5bmNVVUlEcQB+AAFMAAh1c2VybmFtZXEAfgABeHAAAAABAQAAAAGaxjdiFgAAAAQAAAAAdAAQa2FsaXNhQGdtYWlsLmNvbXQABWthbGlzdAAFa2FtYW50AEA0ZTFkZGRjOTQ1ZTVmYjQwNjZhMjE5MTExNTc2NzE5NTRjOGUxMTkxNmNlOGU3ODE0MTBjNzFiNTg5YmZmMzBhdAAPREVTS1RPUC0yQ1U0RDYwdAAkN2JlNzNiMmUtYmRkZS00MTljLWFjODgtYThkMTA5YmU3YTVldAAGa2FsaXNh', 1764262109718, 'DESKTOP-2CU4D60', 'COMPLETED', 1, '2025-11-27 16:48:29'),
(3, '474b35f8-5398-4339-b702-c58247c7f8c1', 'User', 'CREATE', 'rO0ABXNyAAptb2RlbC5Vc2VyAAAAAAAAAAECAA1JAAxkZXBhcnRtZW50SWRaAAhpc0FjdGl2ZVoACWlzRGVsZXRlZEoADmxhc3RNb2RpZmllZFRzSQAGcm9sZUlkSQAGdXNlcklkTAAFZW1haWx0ABJMamF2YS9sYW5nL1N0cmluZztMAAlmaXJzdE5hbWVxAH4AAUwACGxhc3ROYW1lcQB+AAFMAAxwYXNzd29yZEhhc2hxAH4AAUwADXNvdXJjZUFjdG9ySWRxAH4AAUwACHN5bmNVVUlEcQB+AAFMAAh1c2VybmFtZXEAfgABeHAAAAABAQAAAAGaxj/avQAAAAMAAAAAdAAPaGVsbG9AZ21haWwuY29tdAAFaGVsbG90AAIyM3QAQDRlMWRkZGM5NDVlNWZiNDA2NmEyMTkxMTE1NzY3MTk1NGM4ZTExOTE2Y2U4ZTc4MTQxMGM3MWI1ODliZmYzMGF0AA9ERVNLVE9QLTJDVTRENjB0ACQ0NzRiMzVmOC01Mzk4LTQzMzktYjcwMi1jNTgyNDdjN2Y4YzF0AAVoZWxsbw==', 1764262664893, 'DESKTOP-2CU4D60', 'COMPLETED', 1, '2025-11-27 16:57:45'),
(4, '65d2cb52-a48d-4eb9-a437-0551c39ebb27', 'User', 'CREATE', 'rO0ABXNyAAptb2RlbC5Vc2VyAAAAAAAAAAECAA1JAAxkZXBhcnRtZW50SWRaAAhpc0FjdGl2ZVoACWlzRGVsZXRlZEoADmxhc3RNb2RpZmllZFRzSQAGcm9sZUlkSQAGdXNlcklkTAAFZW1haWx0ABJMamF2YS9sYW5nL1N0cmluZztMAAlmaXJzdE5hbWVxAH4AAUwACGxhc3ROYW1lcQB+AAFMAAxwYXNzd29yZEhhc2hxAH4AAUwADXNvdXJjZUFjdG9ySWRxAH4AAUwACHN5bmNVVUlEcQB+AAFMAAh1c2VybmFtZXEAfgABeHAAAAABAQAAAAGaxkKkFQAAAAMAAAAAcHQABWhlbGxvdAADaGhldABANGUxZGRkYzk0NWU1ZmI0MDY2YTIxOTExMTU3NjcxOTU0YzhlMTE5MTZjZThlNzgxNDEwYzcxYjU4OWJmZjMwYXQAD0RFU0tUT1AtMkNVNEQ2MHQAJDY1ZDJjYjUyLWE0OGQtNGViOS1hNDM3LTA1NTFjMzllYmIyN3QABWVub2Nr', 1764262847509, 'DESKTOP-2CU4D60', 'COMPLETED', 1, '2025-11-27 17:00:47'),
(5, '8a857338-fad1-452d-b30d-d9d7135f81c4', 'User', 'CREATE', 'rO0ABXNyAAptb2RlbC5Vc2VyAAAAAAAAAAECAA1JAAxkZXBhcnRtZW50SWRaAAhpc0FjdGl2ZVoACWlzRGVsZXRlZEoADmxhc3RNb2RpZmllZFRzSQAGcm9sZUlkSQAGdXNlcklkTAAFZW1haWx0ABJMamF2YS9sYW5nL1N0cmluZztMAAlmaXJzdE5hbWVxAH4AAUwACGxhc3ROYW1lcQB+AAFMAAxwYXNzd29yZEhhc2hxAH4AAUwADXNvdXJjZUFjdG9ySWRxAH4AAUwACHN5bmNVVUlEcQB+AAFMAAh1c2VybmFtZXEAfgABeHAAAAABAQAAAAGaxlM9SwAAAAIAAAAAcHQAAzIyMnQAAzIyMnQAQDRlMWRkZGM5NDVlNWZiNDA2NmEyMTkxMTE1NzY3MTk1NGM4ZTExOTE2Y2U4ZTc4MTQxMGM3MWI1ODliZmYzMGF0AA9ERVNLVE9QLTJDVTRENjB0ACQ4YTg1NzMzOC1mYWQxLTQ1MmQtYjMwZC1kOWQ3MTM1ZjgxYzR0AAdrYWxpc2Ey', 1764263935307, 'DESKTOP-2CU4D60', 'COMPLETED', 1, '2025-11-27 17:18:55'),
(6, '5e2df39f-e15a-4405-a16b-7715c67e3af4', 'User', 'CREATE', 'rO0ABXNyAAptb2RlbC5Vc2VyAAAAAAAAAAECAA1JAAxkZXBhcnRtZW50SWRaAAhpc0FjdGl2ZVoACWlzRGVsZXRlZEoADmxhc3RNb2RpZmllZFRzSQAGcm9sZUlkSQAGdXNlcklkTAAFZW1haWx0ABJMamF2YS9sYW5nL1N0cmluZztMAAlmaXJzdE5hbWVxAH4AAUwACGxhc3ROYW1lcQB+AAFMAAxwYXNzd29yZEhhc2hxAH4AAUwADXNvdXJjZUFjdG9ySWRxAH4AAUwACHN5bmNVVUlEcQB+AAFMAAh1c2VybmFtZXEAfgABeHAAAAABAQAAAAGaxlYoAgAAAAEAAAAAcHQAA2RkZHQAAnd3dABANGUxZGRkYzk0NWU1ZmI0MDY2YTIxOTExMTU3NjcxOTU0YzhlMTE5MTZjZThlNzgxNDEwYzcxYjU4OWJmZjMwYXQAD0RFU0tUT1AtMkNVNEQ2MHQAJDVlMmRmMzlmLWUxNWEtNDQwNS1hMTZiLTc3MTVjNjdlM2FmNHQAA2ViZQ==', 1764264126466, 'DESKTOP-2CU4D60', 'COMPLETED', 1, '2025-11-27 17:22:06'),
(7, '7be73b2e-bdde-419c-ac88-a8d109be7a5e', 'User', 'UPDATE', 'rO0ABXNyAAptb2RlbC5Vc2VyAAAAAAAAAAECAA1JAAxkZXBhcnRtZW50SWRaAAhpc0FjdGl2ZVoACWlzRGVsZXRlZEoADmxhc3RNb2RpZmllZFRzSQAGcm9sZUlkSQAGdXNlcklkTAAFZW1haWx0ABJMamF2YS9sYW5nL1N0cmluZztMAAlmaXJzdE5hbWVxAH4AAUwACGxhc3ROYW1lcQB+AAFMAAxwYXNzd29yZEhhc2hxAH4AAUwADXNvdXJjZUFjdG9ySWRxAH4AAUwACHN5bmNVVUlEcQB+AAFMAAh1c2VybmFtZXEAfgABeHAAAAABAQAAAAGaxmOGygAAAAQAAAADdAAQa2FsaXNhQGdtYWlsLmNvbXQABWthbGlzdAAFa2FtYW50AEA0ZTFkZGRjOTQ1ZTVmYjQwNjZhMjE5MTExNTc2NzE5NTRjOGUxMTkxNmNlOGU3ODE0MTBjNzFiNTg5YmZmMzBhdAAPREVTS1RPUC0yQ1U0RDYwdAAkN2JlNzNiMmUtYmRkZS00MTljLWFjODgtYThkMTA5YmU3YTVldAAGa2FsaXNh', 1764265002698, 'DESKTOP-2CU4D60', 'COMPLETED', 1, '2025-11-27 17:36:42'),
(8, '58fa2520-4a59-4a2d-bcb3-cb587eeeb1be', 'User', 'CREATE', 'rO0ABXNyAAptb2RlbC5Vc2VyAAAAAAAAAAECAA1JAAxkZXBhcnRtZW50SWRaAAhpc0FjdGl2ZVoACWlzRGVsZXRlZEoADmxhc3RNb2RpZmllZFRzSQAGcm9sZUlkSQAGdXNlcklkTAAFZW1haWx0ABJMamF2YS9sYW5nL1N0cmluZztMAAlmaXJzdE5hbWVxAH4AAUwACGxhc3ROYW1lcQB+AAFMAAxwYXNzd29yZEhhc2hxAH4AAUwADXNvdXJjZUFjdG9ySWRxAH4AAUwACHN5bmNVVUlEcQB+AAFMAAh1c2VybmFtZXEAfgABeHAAAAABAQAAAAGaxmRULAAAAAEAAAAAcHQAA2VlZXQAA2VlZXQAQGIwMDAzMjdlMDg1ZDUzMjg5ZDhiNWFmZmE0ZjYyYzMzZTk1MmUyMTY1ZTRlNjU3ODMwOGIzOWU5MDMwMjYxY2J0AA9ERVNLVE9QLTJDVTRENjB0ACQ1OGZhMjUyMC00YTU5LTRhMmQtYmNiMy1jYjU4N2VlZWIxYmV0AANlZWU=', 1764265055276, 'DESKTOP-2CU4D60', 'COMPLETED', 1, '2025-11-27 17:37:35'),
(9, '58fa2520-4a59-4a2d-bcb3-cb587eeeb1be', 'User', 'UPDATE', 'rO0ABXNyAAptb2RlbC5Vc2VyAAAAAAAAAAECAA1JAAxkZXBhcnRtZW50SWRaAAhpc0FjdGl2ZVoACWlzRGVsZXRlZEoADmxhc3RNb2RpZmllZFRzSQAGcm9sZUlkSQAGdXNlcklkTAAFZW1haWx0ABJMamF2YS9sYW5nL1N0cmluZztMAAlmaXJzdE5hbWVxAH4AAUwACGxhc3ROYW1lcQB+AAFMAAxwYXNzd29yZEhhc2hxAH4AAUwADXNvdXJjZUFjdG9ySWRxAH4AAUwACHN5bmNVVUlEcQB+AAFMAAh1c2VybmFtZXEAfgABeHAAAAABAAAAAAGaxmSniQAAAAEAAAAKcHQAA2VlZXQAA2VlZXQAQGIwMDAzMjdlMDg1ZDUzMjg5ZDhiNWFmZmE0ZjYyYzMzZTk1MmUyMTY1ZTRlNjU3ODMwOGIzOWU5MDMwMjYxY2J0AA9ERVNLVE9QLTJDVTRENjB0ACQ1OGZhMjUyMC00YTU5LTRhMmQtYmNiMy1jYjU4N2VlZWIxYmV0AANlZWU=', 1764265076617, 'DESKTOP-2CU4D60', 'COMPLETED', 1, '2025-11-27 17:37:56'),
(10, '2e6051a4-4952-4c00-b332-c9008c37642b', 'User', 'CREATE', 'rO0ABXNyAAptb2RlbC5Vc2VyAAAAAAAAAAECAA1JAAxkZXBhcnRtZW50SWRaAAhpc0FjdGl2ZVoACWlzRGVsZXRlZEoADmxhc3RNb2RpZmllZFRzSQAGcm9sZUlkSQAGdXNlcklkTAAFZW1haWx0ABJMamF2YS9sYW5nL1N0cmluZztMAAlmaXJzdE5hbWVxAH4AAUwACGxhc3ROYW1lcQB+AAFMAAxwYXNzd29yZEhhc2hxAH4AAUwADXNvdXJjZUFjdG9ySWRxAH4AAUwACHN5bmNVVUlEcQB+AAFMAAh1c2VybmFtZXEAfgABeHAAAAABAQAAAAGaxsza+AAAAAMAAAAAdAANZW15QGdtYWlsLmNvbXQAA2VteXQAA2VteXQAQDRlMWRkZGM5NDVlNWZiNDA2NmEyMTkxMTE1NzY3MTk1NGM4ZTExOTE2Y2U4ZTc4MTQxMGM3MWI1ODliZmYzMGF0AA9ERVNLVE9QLTJDVTRENjB0ACQyZTYwNTFhNC00OTUyLTRjMDAtYjMzMi1jOTAwOGMzNzY0MmJ0AANlbXk=', 1764271905528, 'DESKTOP-2CU4D60', 'COMPLETED', 1, '2025-11-27 19:31:46'),
(11, 'bab2bdd4-96d7-4982-800f-429c73d1be69', 'Record', 'CREATE', 'rO0ABXNyAAxtb2RlbC5SZWNvcmQAAAAAAAAAAQIADUkACWNyZWF0ZWRCeUkAEmRlcGFydG1lbnRPcmlnaW5JZFoACWlzRGVsZXRlZEoADmxhc3RNb2RpZmllZFRzSQAIcmVjb3JkSWRMAAljcmVhdGVkQXR0ABRMamF2YS9zcWwvVGltZXN0YW1wO0wAC2Rlc2NyaXB0aW9udAASTGphdmEvbGFuZy9TdHJpbmc7TAAKcmVjb3JkVHlwZXEAfgACTAANc291cmNlQWN0b3JJZHEAfgACTAAGc3RhdHVzcQB+AAJMAAtzdHVkZW50SWROb3EAfgACTAAIc3luY1VVSURxAH4AAkwABXRpdGxlcQB+AAJ4cAAAAAsAAAABAAAAAZrGzVJrAAAAAHB0AAYyMjIyMjJ0AAdTVFVERU5UdAAPREVTS1RPUC0yQ1U0RDYwdAAHUEVORElOR3QABjIyMjIyMnQAJGJhYjJiZGQ0LTk2ZDctNDk4Mi04MDBmLTQyOWM3M2QxYmU2OXQABDIyMjI=', 1764271936107, 'DESKTOP-2CU4D60', 'COMPLETED', 1, '2025-11-27 19:32:16'),
(12, 'e0d56935-7cbc-4e7c-a300-3b6c57f9ae8e', 'User', 'CREATE', 'rO0ABXNyAAptb2RlbC5Vc2VyAAAAAAAAAAECAA1JAAxkZXBhcnRtZW50SWRaAAhpc0FjdGl2ZVoACWlzRGVsZXRlZEoADmxhc3RNb2RpZmllZFRzSQAGcm9sZUlkSQAGdXNlcklkTAAFZW1haWx0ABJMamF2YS9sYW5nL1N0cmluZztMAAlmaXJzdE5hbWVxAH4AAUwACGxhc3ROYW1lcQB+AAFMAAxwYXNzd29yZEhhc2hxAH4AAUwADXNvdXJjZUFjdG9ySWRxAH4AAUwACHN5bmNVVUlEcQB+AAFMAAh1c2VybmFtZXEAfgABeHAAAAABAQAAAAGaxtEDRAAAAAIAAAAAdAAOZGVwdEBnbWFpbC5jb210AARkZXB0dAAEZGVwdHQAQGIwMDAzMjdlMDg1ZDUzMjg5ZDhiNWFmZmE0ZjYyYzMzZTk1MmUyMTY1ZTRlNjU3ODMwOGIzOWU5MDMwMjYxY2J0AA9ERVNLVE9QLTJDVTRENjB0ACRlMGQ1NjkzNS03Y2JjLTRlN2MtYTMwMC0zYjZjNTdmOWFlOGV0AARkZXB0', 1764272177988, 'DESKTOP-2CU4D60', 'COMPLETED', 1, '2025-11-27 19:36:18'),
(13, '304ae39b-e99a-44ec-a245-72dc055b0872', 'User', 'CREATE', 'rO0ABXNyAAptb2RlbC5Vc2VyAAAAAAAAAAECAA1JAAxkZXBhcnRtZW50SWRaAAhpc0FjdGl2ZVoACWlzRGVsZXRlZEoADmxhc3RNb2RpZmllZFRzSQAGcm9sZUlkSQAGdXNlcklkTAAFZW1haWx0ABJMamF2YS9sYW5nL1N0cmluZztMAAlmaXJzdE5hbWVxAH4AAUwACGxhc3ROYW1lcQB+AAFMAAxwYXNzd29yZEhhc2hxAH4AAUwADXNvdXJjZUFjdG9ySWRxAH4AAUwACHN5bmNVVUlEcQB+AAFMAAh1c2VybmFtZXEAfgABeHAAAAABAQAAAAGaxtIXFAAAAAIAAAAAdAAOcmVrYUBnbWFpbC5jb210AARyZWthdAAEcmVrYXQAQDRlMWRkZGM5NDVlNWZiNDA2NmEyMTkxMTE1NzY3MTk1NGM4ZTExOTE2Y2U4ZTc4MTQxMGM3MWI1ODliZmYzMGF0AA9ERVNLVE9QLTJDVTRENjB0ACQzMDRhZTM5Yi1lOTlhLTQ0ZWMtYTI0NS03MmRjMDU1YjA4NzJ0AARyZWth', 1764272248596, 'DESKTOP-2CU4D60', 'COMPLETED', 1, '2025-11-27 19:37:28'),
(14, 'bab2bdd4-96d7-4982-800f-429c73d1be69', 'Record', 'UPDATE', 'rO0ABXNyAAxtb2RlbC5SZWNvcmQAAAAAAAAAAQIADUkACWNyZWF0ZWRCeUkAEmRlcGFydG1lbnRPcmlnaW5JZFoACWlzRGVsZXRlZEoADmxhc3RNb2RpZmllZFRzSQAIcmVjb3JkSWRMAAljcmVhdGVkQXR0ABRMamF2YS9zcWwvVGltZXN0YW1wO0wAC2Rlc2NyaXB0aW9udAASTGphdmEvbGFuZy9TdHJpbmc7TAAKcmVjb3JkVHlwZXEAfgACTAANc291cmNlQWN0b3JJZHEAfgACTAAGc3RhdHVzcQB+AAJMAAtzdHVkZW50SWROb3EAfgACTAAIc3luY1VVSURxAH4AAkwABXRpdGxlcQB+AAJ4cAAAAAsAAAABAAAAAZrG0llzAAAAAXNyABJqYXZhLnNxbC5UaW1lc3RhbXAmGNXIAVO/ZQIAAUkABW5hbm9zeHIADmphdmEudXRpbC5EYXRlaGqBAUtZdBkDAAB4cHcIAAABmsc7LwB4AAAAAHQABjIyMjIyMnQAB1NUVURFTlR0AA9ERVNLVE9QLTJDVTRENjB0AAhBUFBST1ZFRHQABjIyMjIyMnQAJGJhYjJiZGQ0LTk2ZDctNDk4Mi04MDBmLTQyOWM3M2QxYmU2OXQABDIyMjI=', 1764272265587, 'DESKTOP-2CU4D60', 'COMPLETED', 1, '2025-11-27 19:37:45'),
(15, '806e5bea-6781-4c58-822f-843fdfa85f75', 'User', 'CREATE', 'rO0ABXNyAAptb2RlbC5Vc2VyAAAAAAAAAAECAA1JAAxkZXBhcnRtZW50SWRaAAhpc0FjdGl2ZVoACWlzRGVsZXRlZEoADmxhc3RNb2RpZmllZFRzSQAGcm9sZUlkSQAGdXNlcklkTAAFZW1haWx0ABJMamF2YS9sYW5nL1N0cmluZztMAAlmaXJzdE5hbWVxAH4AAUwACGxhc3ROYW1lcQB+AAFMAAxwYXNzd29yZEhhc2hxAH4AAUwADXNvdXJjZUFjdG9ySWRxAH4AAUwACHN5bmNVVUlEcQB+AAFMAAh1c2VybmFtZXEAfgABeHAAAAABAQAAAAGayiVS2AAAAAEAAAAAcHQABmhlbGxvd3QACGhlbGxvdyAydABANGUxZGRkYzk0NWU1ZmI0MDY2YTIxOTExMTU3NjcxOTU0YzhlMTE5MTZjZThlNzgxNDEwYzcxYjU4OWJmZjMwYXQAD0RFU0tUT1AtMkNVNEQ2MHQAJDgwNmU1YmVhLTY3ODEtNGM1OC04MjJmLTg0M2ZkZmE4NWY3NXQACGthbGlzYTI1', 1764328035032, 'DESKTOP-2CU4D60', 'COMPLETED', 1, '2025-11-28 11:07:15'),
(16, '9f78739a-d079-4a11-a639-ed0f1182a917', 'User', 'CREATE', 'rO0ABXNyAAptb2RlbC5Vc2VyAAAAAAAAAAECAA1JAAxkZXBhcnRtZW50SWRaAAhpc0FjdGl2ZVoACWlzRGVsZXRlZEoADmxhc3RNb2RpZmllZFRzSQAGcm9sZUlkSQAGdXNlcklkTAAFZW1haWx0ABJMamF2YS9sYW5nL1N0cmluZztMAAlmaXJzdE5hbWVxAH4AAUwACGxhc3ROYW1lcQB+AAFMAAxwYXNzd29yZEhhc2hxAH4AAUwADXNvdXJjZUFjdG9ySWRxAH4AAUwACHN5bmNVVUlEcQB+AAFMAAh1c2VybmFtZXEAfgABeHAAAAABAQAAAAGayiauwAAAAAMAAAAAdAAQZWRpc29uQGdtYWlsLmNvbXQABmVkaXNvbnQABmVkaXNvbnQAQDRlMWRkZGM5NDVlNWZiNDA2NmEyMTkxMTE1NzY3MTk1NGM4ZTExOTE2Y2U4ZTc4MTQxMGM3MWI1ODliZmYzMGF0AA9ERVNLVE9QLTJDVTRENjB0ACQ5Zjc4NzM5YS1kMDc5LTRhMTEtYTYzOS1lZDBmMTE4MmE5MTd0AAZlZGlzb24=', 1764328124096, 'DESKTOP-2CU4D60', 'COMPLETED', 1, '2025-11-28 11:08:44'),
(17, 'e6acf739-5058-4736-9ad4-06d150f2a408', 'User', 'CREATE', 'rO0ABXNyAAptb2RlbC5Vc2VyAAAAAAAAAAECAA1JAAxkZXBhcnRtZW50SWRaAAhpc0FjdGl2ZVoACWlzRGVsZXRlZEoADmxhc3RNb2RpZmllZFRzSQAGcm9sZUlkSQAGdXNlcklkTAAFZW1haWx0ABJMamF2YS9sYW5nL1N0cmluZztMAAlmaXJzdE5hbWVxAH4AAUwACGxhc3ROYW1lcQB+AAFMAAxwYXNzd29yZEhhc2hxAH4AAUwADXNvdXJjZUFjdG9ySWRxAH4AAUwACHN5bmNVVUlEcQB+AAFMAAh1c2VybmFtZXEAfgABeHAAAAABAQAAAAGayihEgAAAAAIAAAAAdAARZWRpc29uMkBnbWFpbC5jb210AAdlZGlzb24ydAAGZWRpc29udABANGUxZGRkYzk0NWU1ZmI0MDY2YTIxOTExMTU3NjcxOTU0YzhlMTE5MTZjZThlNzgxNDEwYzcxYjU4OWJmZjMwYXQAD0RFU0tUT1AtMkNVNEQ2MHQAJGU2YWNmNzM5LTUwNTgtNDczNi05YWQ0LTA2ZDE1MGYyYTQwOHQAB2VkaXNvbjI=', 1764328227968, 'DESKTOP-2CU4D60', 'COMPLETED', 1, '2025-11-28 11:10:27'),
(18, '059a89bb-7baa-4fbc-b05e-8392b700841a', 'User', 'CREATE', 'rO0ABXNyAAptb2RlbC5Vc2VyAAAAAAAAAAECAA1JAAxkZXBhcnRtZW50SWRaAAhpc0FjdGl2ZVoACWlzRGVsZXRlZEoADmxhc3RNb2RpZmllZFRzSQAGcm9sZUlkSQAGdXNlcklkTAAFZW1haWx0ABJMamF2YS9sYW5nL1N0cmluZztMAAlmaXJzdE5hbWVxAH4AAUwACGxhc3ROYW1lcQB+AAFMAAxwYXNzd29yZEhhc2hxAH4AAUwADXNvdXJjZUFjdG9ySWRxAH4AAUwACHN5bmNVVUlEcQB+AAFMAAh1c2VybmFtZXEAfgABeHAAAAABAQAAAAGayjGB6AAAAAMAAAAAdAAQbWVsZWNrQGdtYWlsLmNvbXQABm1lbGVja3QABm1lbGVja3QAQDRlMWRkZGM5NDVlNWZiNDA2NmEyMTkxMTE1NzY3MTk1NGM4ZTExOTE2Y2U4ZTc4MTQxMGM3MWI1ODliZmYzMGF0AA9ERVNLVE9QLTJDVTRENjB0ACQwNTlhODliYi03YmFhLTRmYmMtYjA1ZS04MzkyYjcwMDg0MWF0AAZtZWxlY2s=', 1764328833512, 'DESKTOP-2CU4D60', 'COMPLETED', 1, '2025-11-28 11:20:33'),
(19, '155452c8-01fd-406b-9bda-8fa16b7e07fd', 'MARKS', 'CREATE', 'rO0ABXNyAAttb2RlbC5NYXJrc57MYmM5g3mnAgAOWgAJaXNEZWxldGVkSQAOaXNzdWVkQnlVc2VySWRKAA5sYXN0TW9kaWZpZWRUc0kABm1hcmtJZEkACHJlY29yZElkRAAFc2NvcmVMAApjb3Vyc2VDb2RldAASTGphdmEvbGFuZy9TdHJpbmc7TAAKY291cnNlTmFtZXEAfgABTAAJY3JlYXRlZEF0dAAUTGphdmEvc3FsL1RpbWVzdGFtcDtMAAVncmFkZXEAfgABTAAIc2VtZXN0ZXJxAH4AAUwADXNvdXJjZUFjdG9ySWRxAH4AAUwACHN5bmNVVUlEcQB+AAFMAAl1cGRhdGVkQXRxAH4AAnhwAAAAABQAAAGayjK4PwAAAAEAAAABQEwAAAAAAAB0AAVDNDU1NXQAFlNvZnR3YXJlIGRldmVsb3AgbWVuIHRwdAABM3QAATF0AAZtZWxlY2t0ACQxNTU0NTJjOC0wMWZkLTQwNmItOWJkYS04ZmExNmI3ZTA3ZmRw', 1764328912959, 'meleck', 'COMPLETED', 1, '2025-11-28 11:21:53'),
(20, 'fd003017-9edb-452c-aff8-c6e007fada9b', 'Record', 'CREATE', 'rO0ABXNyAAxtb2RlbC5SZWNvcmQAAAAAAAAAAQIADUkACWNyZWF0ZWRCeUkAEmRlcGFydG1lbnRPcmlnaW5JZFoACWlzRGVsZXRlZEoADmxhc3RNb2RpZmllZFRzSQAIcmVjb3JkSWRMAAljcmVhdGVkQXR0ABRMamF2YS9zcWwvVGltZXN0YW1wO0wAC2Rlc2NyaXB0aW9udAASTGphdmEvbGFuZy9TdHJpbmc7TAAKcmVjb3JkVHlwZXEAfgACTAANc291cmNlQWN0b3JJZHEAfgACTAAGc3RhdHVzcQB+AAJMAAtzdHVkZW50SWROb3EAfgACTAAIc3luY1VVSURxAH4AAkwABXRpdGxlcQB+AAJ4cAAAABQAAAABAAAAAZrKNmgoAAAAAHB0AAdtYW5hZ2UgdAAHU1RVREVOVHQAD0RFU0tUT1AtMkNVNEQ2MHQAB1BFTkRJTkd0AAkyNHJwMDcxOTJ0ACRmZDAwMzAxNy05ZWRiLTQ1MmMtYWZmOC1jNmUwMDdmYWRhOWJ0AAZlZWVlZWU=', 1764329154600, 'DESKTOP-2CU4D60', 'COMPLETED', 1, '2025-11-28 11:25:54'),
(21, '58fa2520-4a59-4a2d-bcb3-cb587eeeb1be', 'User', 'UPDATE', 'rO0ABXNyAAptb2RlbC5Vc2VyAAAAAAAAAAECAA1JAAxkZXBhcnRtZW50SWRaAAhpc0FjdGl2ZVoACWlzRGVsZXRlZEoADmxhc3RNb2RpZmllZFRzSQAGcm9sZUlkSQAGdXNlcklkTAAFZW1haWx0ABJMamF2YS9sYW5nL1N0cmluZztMAAlmaXJzdE5hbWVxAH4AAUwACGxhc3ROYW1lcQB+AAFMAAxwYXNzd29yZEhhc2hxAH4AAUwADXNvdXJjZUFjdG9ySWRxAH4AAUwACHN5bmNVVUlEcQB+AAFMAAh1c2VybmFtZXEAfgABeHAAAAABAAAAAAGaylxz2gAAAAEAAAAKdAAMZWVAZ21haWwuY29tdAADZWVldAADZWVldABAYjAwMDMyN2UwODVkNTMyODlkOGI1YWZmYTRmNjJjMzNlOTUyZTIxNjVlNGU2NTc4MzA4YjM5ZTkwMzAyNjFjYnQAD0RFU0tUT1AtMkNVNEQ2MHQAJDU4ZmEyNTIwLTRhNTktNGEyZC1iY2IzLWNiNTg3ZWVlYjFiZXQAA2VlZQ==', 1764331647962, 'DESKTOP-2CU4D60', 'COMPLETED', 1, '2025-11-28 12:07:28'),
(22, 'ab47a08d-36b7-4266-8574-630c3d148552', 'MARKS', 'CREATE', 'rO0ABXNyAAttb2RlbC5NYXJrc57MYmM5g3mnAgAOWgAJaXNEZWxldGVkSQAOaXNzdWVkQnlVc2VySWRKAA5sYXN0TW9kaWZpZWRUc0kABm1hcmtJZEkACHJlY29yZElkRAAFc2NvcmVMAApjb3Vyc2VDb2RldAASTGphdmEvbGFuZy9TdHJpbmc7TAAKY291cnNlTmFtZXEAfgABTAAJY3JlYXRlZEF0dAAUTGphdmEvc3FsL1RpbWVzdGFtcDtMAAVncmFkZXEAfgABTAAIc2VtZXN0ZXJxAH4AAUwADXNvdXJjZUFjdG9ySWRxAH4AAUwACHN5bmNVVUlEcQB+AAFMAAl1cGRhdGVkQXRxAH4AAnhwAAAAABEAAAGaynbE0AAAAAIAAAACQFGAAAAAAAB0AAVDU1NPRHQACVNPRlRXQVJFIHB0AAEydAABMnQABmVkaXNvbnQAJGFiNDdhMDhkLTM2YjctNDI2Ni04NTc0LTYzMGMzZDE0ODU1MnA=', 1764333372624, 'edison', 'COMPLETED', 1, '2025-11-28 12:36:13'),
(23, 'fd003017-9edb-452c-aff8-c6e007fada9b', 'Record', 'UPDATE', 'rO0ABXNyAAxtb2RlbC5SZWNvcmQAAAAAAAAAAQIADUkACWNyZWF0ZWRCeUkAEmRlcGFydG1lbnRPcmlnaW5JZFoACWlzRGVsZXRlZEoADmxhc3RNb2RpZmllZFRzSQAIcmVjb3JkSWRMAAljcmVhdGVkQXR0ABRMamF2YS9zcWwvVGltZXN0YW1wO0wAC2Rlc2NyaXB0aW9udAASTGphdmEvbGFuZy9TdHJpbmc7TAAKcmVjb3JkVHlwZXEAfgACTAANc291cmNlQWN0b3JJZHEAfgACTAAGc3RhdHVzcQB+AAJMAAtzdHVkZW50SWROb3EAfgACTAAIc3luY1VVSURxAH4AAkwABXRpdGxlcQB+AAJ4cAAAABQAAAABAAAAAZrKerI+AAAAAnNyABJqYXZhLnNxbC5UaW1lc3RhbXAmGNXIAVO/ZQIAAUkABW5hbm9zeHIADmphdmEudXRpbC5EYXRlaGqBAUtZdBkDAAB4cHcIAAABmsqkQtB4AAAAAHQAB21hbmFnZSB0AAdTVFVERU5UdAAPREVTS1RPUC0yQ1U0RDYwdAAIQVBQUk9WRUR0AAkyNHJwMDcxOTJ0ACRmZDAwMzAxNy05ZWRiLTQ1MmMtYWZmOC1jNmUwMDdmYWRhOWJ0AAZlZWVlZWU=', 1764333630014, 'DESKTOP-2CU4D60', 'COMPLETED', 1, '2025-11-28 12:40:30'),
(24, 'fd003017-9edb-452c-aff8-c6e007fada9b', 'Record', 'UPDATE', 'rO0ABXNyAAxtb2RlbC5SZWNvcmQAAAAAAAAAAQIADUkACWNyZWF0ZWRCeUkAEmRlcGFydG1lbnRPcmlnaW5JZFoACWlzRGVsZXRlZEoADmxhc3RNb2RpZmllZFRzSQAIcmVjb3JkSWRMAAljcmVhdGVkQXR0ABRMamF2YS9zcWwvVGltZXN0YW1wO0wAC2Rlc2NyaXB0aW9udAASTGphdmEvbGFuZy9TdHJpbmc7TAAKcmVjb3JkVHlwZXEAfgACTAANc291cmNlQWN0b3JJZHEAfgACTAAGc3RhdHVzcQB+AAJMAAtzdHVkZW50SWROb3EAfgACTAAIc3luY1VVSURxAH4AAkwABXRpdGxlcQB+AAJ4cAAAABQAAAABAAAAAZrKeturAAAAAnNyABJqYXZhLnNxbC5UaW1lc3RhbXAmGNXIAVO/ZQIAAUkABW5hbm9zeHIADmphdmEudXRpbC5EYXRlaGqBAUtZdBkDAAB4cHcIAAABmsqkQtB4AAAAAHQAB21hbmFnZSB0AAdTVFVERU5UdAAPREVTS1RPUC0yQ1U0RDYwdAAIQVBQUk9WRUR0AAkyNHJwMDcxOTJ0ACRmZDAwMzAxNy05ZWRiLTQ1MmMtYWZmOC1jNmUwMDdmYWRhOWJ0AAZlZWVlZWU=', 1764333640619, 'DESKTOP-2CU4D60', 'COMPLETED', 1, '2025-11-28 12:40:40'),
(25, '059a89bb-7baa-4fbc-b05e-8392b700841a', 'User', 'UPDATE', 'rO0ABXNyAAptb2RlbC5Vc2VyAAAAAAAAAAECAA1JAAxkZXBhcnRtZW50SWRaAAhpc0FjdGl2ZVoACWlzRGVsZXRlZEoADmxhc3RNb2RpZmllZFRzSQAGcm9sZUlkSQAGdXNlcklkTAAFZW1haWx0ABJMamF2YS9sYW5nL1N0cmluZztMAAlmaXJzdE5hbWVxAH4AAUwACGxhc3ROYW1lcQB+AAFMAAxwYXNzd29yZEhhc2hxAH4AAUwADXNvdXJjZUFjdG9ySWRxAH4AAUwACHN5bmNVVUlEcQB+AAFMAAh1c2VybmFtZXEAfgABeHAAAAABAQAAAAGayqhQmAAAAAMAAAAUdAAQbWVsZWNrQGdtYWlsLmNvbXQABm1lbGVja3QABm1lbGVja3QAQDRlMWRkZGM5NDVlNWZiNDA2NmEyMTkxMTE1NzY3MTk1NGM4ZTExOTE2Y2U4ZTc4MTQxMGM3MWI1ODliZmYzMGF0AA9ERVNLVE9QLTJDVTRENjB0ACQwNTlhODliYi03YmFhLTRmYmMtYjA1ZS04MzkyYjcwMDg0MWF0AAZtZWxlY2s=', 1764336619672, 'DESKTOP-2CU4D60', 'COMPLETED', 1, '2025-11-28 13:30:19'),
(26, '58f7ff18-802f-4c94-997c-7b1eafc856ee', 'User', 'CREATE', 'rO0ABXNyAAptb2RlbC5Vc2VyAAAAAAAAAAECAA1JAAxkZXBhcnRtZW50SWRaAAhpc0FjdGl2ZVoACWlzRGVsZXRlZEoADmxhc3RNb2RpZmllZFRzSQAGcm9sZUlkSQAGdXNlcklkTAAFZW1haWx0ABJMamF2YS9sYW5nL1N0cmluZztMAAlmaXJzdE5hbWVxAH4AAUwACGxhc3ROYW1lcQB+AAFMAAxwYXNzd29yZEhhc2hxAH4AAUwADXNvdXJjZUFjdG9ySWRxAH4AAUwACHN5bmNVVUlEcQB+AAFMAAh1c2VybmFtZXEAfgABeHAAAAABAQAAAAGayqzVaAAAAAQAAAAAdAAQZ2VyZWdlQGdtYWlsLmNvbXQABmdlcmVnZXQABmdlcmVnZXQAQDRlMWRkZGM5NDVlNWZiNDA2NmEyMTkxMTE1NzY3MTk1NGM4ZTExOTE2Y2U4ZTc4MTQxMGM3MWI1ODliZmYzMGF0AA9ERVNLVE9QLTJDVTRENjB0ACQ1OGY3ZmYxOC04MDJmLTRjOTQtOTk3Yy03YjFlYWZjODU2ZWV0AAZnZXJlZ2U=', 1764336915816, 'DESKTOP-2CU4D60', 'COMPLETED', 1, '2025-11-28 13:35:15'),
(27, '6ae339bc-62be-4044-b63f-3f2039a4c34f', 'Record', 'CREATE', 'rO0ABXNyAAxtb2RlbC5SZWNvcmQAAAAAAAAAAQIADUkACWNyZWF0ZWRCeUkAEmRlcGFydG1lbnRPcmlnaW5JZFoACWlzRGVsZXRlZEoADmxhc3RNb2RpZmllZFRzSQAIcmVjb3JkSWRMAAljcmVhdGVkQXR0ABRMamF2YS9zcWwvVGltZXN0YW1wO0wAC2Rlc2NyaXB0aW9udAASTGphdmEvbGFuZy9TdHJpbmc7TAAKcmVjb3JkVHlwZXEAfgACTAANc291cmNlQWN0b3JJZHEAfgACTAAGc3RhdHVzcQB+AAJMAAtzdHVkZW50SWROb3EAfgACTAAIc3luY1VVSURxAH4AAkwABXRpdGxlcQB+AAJ4cAAAABQAAAABAAAAAZrKzXKrAAAAAHB0AARSZWNhdAAHU1RVREVOVHQAD0RFU0tUT1AtMkNVNEQ2MHQAB1BFTkRJTkd0AAZnZXJlZ2V0ACQ2YWUzMzliYy02MmJlLTQwNDQtYjYzZi0zZjIwMzlhNGMzNGZ0AAVIT01FIA==', 1764339053227, 'DESKTOP-2CU4D60', 'COMPLETED', 1, '2025-11-28 14:10:53'),
(28, 'b4fffe8d-0d93-403a-8182-1f8f8c3ea9f7', 'MARKS', 'CREATE', 'rO0ABXNyAAttb2RlbC5NYXJrc57MYmM5g3mnAgAOWgAJaXNEZWxldGVkSQAOaXNzdWVkQnlVc2VySWRKAA5sYXN0TW9kaWZpZWRUc0kABm1hcmtJZEkACHJlY29yZElkRAAFc2NvcmVMAApjb3Vyc2VDb2RldAASTGphdmEvbGFuZy9TdHJpbmc7TAAKY291cnNlTmFtZXEAfgABTAAJY3JlYXRlZEF0dAAUTGphdmEvc3FsL1RpbWVzdGFtcDtMAAVncmFkZXEAfgABTAAIc2VtZXN0ZXJxAH4AAUwADXNvdXJjZUFjdG9ySWRxAH4AAUwACHN5bmNVVUlEcQB+AAFMAAl1cGRhdGVkQXRxAH4AAnhwAAAAABQAAAGays5gzAAAAAMAAAADQFGAAAAAAAB0AAVDU0NPRHQABkhlcnVrdXB0AAE1dAABMnQABm1lbGVja3QAJGI0ZmZmZThkLTBkOTMtNDAzYS04MTgyLTFmOGY4YzNlYTlmN3A=', 1764339114188, 'meleck', 'COMPLETED', 1, '2025-11-28 14:11:54'),
(29, '6ae339bc-62be-4044-b63f-3f2039a4c34f', 'Record', 'UPDATE', 'rO0ABXNyAAxtb2RlbC5SZWNvcmQAAAAAAAAAAQIADUkACWNyZWF0ZWRCeUkAEmRlcGFydG1lbnRPcmlnaW5JZFoACWlzRGVsZXRlZEoADmxhc3RNb2RpZmllZFRzSQAIcmVjb3JkSWRMAAljcmVhdGVkQXR0ABRMamF2YS9zcWwvVGltZXN0YW1wO0wAC2Rlc2NyaXB0aW9udAASTGphdmEvbGFuZy9TdHJpbmc7TAAKcmVjb3JkVHlwZXEAfgACTAANc291cmNlQWN0b3JJZHEAfgACTAAGc3RhdHVzcQB+AAJMAAtzdHVkZW50SWROb3EAfgACTAAIc3luY1VVSURxAH4AAkwABXRpdGxlcQB+AAJ4cAAAABQAAAABAAAAAZrLTfDQAAAAA3NyABJqYXZhLnNxbC5UaW1lc3RhbXAmGNXIAVO/ZQIAAUkABW5hbm9zeHIADmphdmEudXRpbC5EYXRlaGqBAUtZdBkDAAB4cHcIAAABmss7Tsh4AAAAAHQABFJlY2F0AAdTVFVERU5UdAAPREVTS1RPUC0yQ1U0RDYwdAAIQVBQUk9WRUR0AAZnZXJlZ2V0ACQ2YWUzMzliYy02MmJlLTQwNDQtYjYzZi0zZjIwMzlhNGMzNGZ0AAVIT01FIA==', 1764347474128, 'DESKTOP-2CU4D60', 'COMPLETED', 1, '2025-11-28 16:31:14'),
(30, 'a7bf4fce-41ff-4513-aaf7-4a74932498dc', 'User', 'CREATE', 'rO0ABXNyAAptb2RlbC5Vc2VyAAAAAAAAAAECAA1JAAxkZXBhcnRtZW50SWRaAAhpc0FjdGl2ZVoACWlzRGVsZXRlZEoADmxhc3RNb2RpZmllZFRzSQAGcm9sZUlkSQAGdXNlcklkTAAFZW1haWx0ABJMamF2YS9sYW5nL1N0cmluZztMAAlmaXJzdE5hbWVxAH4AAUwACGxhc3ROYW1lcQB+AAFMAAxwYXNzd29yZEhhc2hxAH4AAUwADXNvdXJjZUFjdG9ySWRxAH4AAUwACHN5bmNVVUlEcQB+AAFMAAh1c2VybmFtZXEAfgABeHAAAAABAQAAAAGazD7bVgAAAAQAAAAAdAANcnJyQGdtYWlsLmNvbXQABGVlZWV0AANlZWV0AEA0ZTFkZGRjOTQ1ZTVmYjQwNjZhMjE5MTExNTc2NzE5NTRjOGUxMTkxNmNlOGU3ODE0MTBjNzFiNTg5YmZmMzBhdAAPTEFQVE9QLU9OMUlLUEgxdAAkYTdiZjRmY2UtNDFmZi00NTEzLWFhZjctNGE3NDkzMjQ5OGRjdAAEZWVlMg==', 1764363262806, 'LAPTOP-ON1IKPH1', 'COMPLETED', 1, '2025-11-28 20:54:21'),
(31, '8f28fb4a-eedd-482a-a18b-758bc47617c3', 'Record', 'CREATE', 'rO0ABXNyAAxtb2RlbC5SZWNvcmQAAAAAAAAAAQIADUkACWNyZWF0ZWRCeUkAEmRlcGFydG1lbnRPcmlnaW5JZFoACWlzRGVsZXRlZEoADmxhc3RNb2RpZmllZFRzSQAIcmVjb3JkSWRMAAljcmVhdGVkQXR0ABRMamF2YS9zcWwvVGltZXN0YW1wO0wAC2Rlc2NyaXB0aW9udAASTGphdmEvbGFuZy9TdHJpbmc7TAAKcmVjb3JkVHlwZXEAfgACTAANc291cmNlQWN0b3JJZHEAfgACTAAGc3RhdHVzcQB+AAJMAAtzdHVkZW50SWROb3EAfgACTAAIc3luY1VVSURxAH4AAkwABXRpdGxlcQB+AAJ4cAAAABEAAAABAAAAAZrMP/x4AAAAAHB0AANlaGh0AAdTVFVERU5UdAAPTEFQVE9QLU9OMUlLUEgxdAAHUEVORElOR3QABGVlZTJ0ACQ4ZjI4ZmI0YS1lZWRkLTQ4MmEtYTE4Yi03NThiYzQ3NjE3YzN0AANlZWU=', 1764363336824, 'LAPTOP-ON1IKPH1', 'COMPLETED', 1, '2025-11-28 20:55:35'),
(32, '171f9244-1fe2-46da-a772-82c6e92d897e', 'MARKS', 'CREATE', 'rO0ABXNyAAttb2RlbC5NYXJrc57MYmM5g3mnAgAOWgAJaXNEZWxldGVkSQAOaXNzdWVkQnlVc2VySWRKAA5sYXN0TW9kaWZpZWRUc0kABm1hcmtJZEkACHJlY29yZElkRAAFc2NvcmVMAApjb3Vyc2VDb2RldAASTGphdmEvbGFuZy9TdHJpbmc7TAAKY291cnNlTmFtZXEAfgABTAAJY3JlYXRlZEF0dAAUTGphdmEvc3FsL1RpbWVzdGFtcDtMAAVncmFkZXEAfgABTAAIc2VtZXN0ZXJxAH4AAUwADXNvdXJjZUFjdG9ySWRxAH4AAUwACHN5bmNVVUlEcQB+AAFMAAl1cGRhdGVkQXRxAH4AAnhwAAAAABEAAAGazEBkKAAAAAQAAAAEQEaAAAAAAAB0AAJERHQAAkVFcHQAATV0AAExdAAGZWRpc29udAAkMTcxZjkyNDQtMWZlMi00NmRhLWE3NzItODJjNmU5MmQ4OTdlcA==', 1764363363368, 'edison', 'COMPLETED', 1, '2025-11-28 20:56:02');

-- --------------------------------------------------------

--
-- Table structure for table `users`
--

CREATE TABLE `users` (
  `USER_ID` int(11) NOT NULL,
  `SYNC_UUID` varchar(36) NOT NULL,
  `USERNAME` varchar(50) NOT NULL,
  `PASSWORD_HASH` varchar(255) NOT NULL,
  `ROLE_ID` int(11) NOT NULL,
  `DEPARTMENT_ID` int(11) NOT NULL,
  `FIRST_NAME` varchar(100) DEFAULT NULL,
  `LAST_NAME` varchar(100) DEFAULT NULL,
  `EMAIL` varchar(100) DEFAULT NULL,
  `IS_ACTIVE` tinyint(1) NOT NULL DEFAULT 1,
  `LAST_MODIFIED_TS` bigint(20) NOT NULL,
  `SOURCE_ACTOR_ID` varchar(36) NOT NULL,
  `IS_DELETED` tinyint(1) NOT NULL DEFAULT 0,
  `CREATED_AT` timestamp NOT NULL DEFAULT current_timestamp(),
  `UPDATED_AT` timestamp NOT NULL DEFAULT current_timestamp() ON UPDATE current_timestamp()
) ENGINE=InnoDB DEFAULT CHARSET=utf8mb4 COLLATE=utf8mb4_general_ci;

--
-- Dumping data for table `users`
--

INSERT INTO `users` (`USER_ID`, `SYNC_UUID`, `USERNAME`, `PASSWORD_HASH`, `ROLE_ID`, `DEPARTMENT_ID`, `FIRST_NAME`, `LAST_NAME`, `EMAIL`, `IS_ACTIVE`, `LAST_MODIFIED_TS`, `SOURCE_ACTOR_ID`, `IS_DELETED`, `CREATED_AT`, `UPDATED_AT`) VALUES
(1, '01ca5d7f-b491-4659-9cc6-6409cf6891e1', 'ebedi', '4e1dddc945e5fb4066a21911157671954c8e11916ce8e781410c71b589bff30a', 1, 1, 'ituze', 'ebedi', 'ebedimeleck@gmail.com', 1, 1764261692335, 'DESKTOP-2CU4D60', 0, '2025-11-27 16:41:33', '2025-11-27 16:41:33'),
(3, '7be73b2e-bdde-419c-ac88-a8d109be7a5e', 'kalisa', '4e1dddc945e5fb4066a21911157671954c8e11916ce8e781410c71b589bff30a', 4, 1, 'kalis', 'kaman', 'kalisa@gmail.com', 1, 1764265002698, 'DESKTOP-2CU4D60', 0, '2025-11-27 16:48:29', '2025-11-27 17:36:42'),
(5, '474b35f8-5398-4339-b702-c58247c7f8c1', 'hello', '4e1dddc945e5fb4066a21911157671954c8e11916ce8e781410c71b589bff30a', 3, 1, 'hello', '23', 'hello@gmail.com', 1, 1764262664893, 'DESKTOP-2CU4D60', 0, '2025-11-27 16:57:44', '2025-11-27 16:57:44'),
(6, '65d2cb52-a48d-4eb9-a437-0551c39ebb27', 'enock', '4e1dddc945e5fb4066a21911157671954c8e11916ce8e781410c71b589bff30a', 3, 1, 'hello', 'hhe', NULL, 1, 1764262847509, 'DESKTOP-2CU4D60', 0, '2025-11-27 17:00:47', '2025-11-27 17:00:47'),
(8, '8a857338-fad1-452d-b30d-d9d7135f81c4', 'kalisa2', '4e1dddc945e5fb4066a21911157671954c8e11916ce8e781410c71b589bff30a', 2, 1, '222', '222', NULL, 1, 1764263935307, 'DESKTOP-2CU4D60', 0, '2025-11-27 17:18:55', '2025-11-27 17:18:55'),
(9, '5e2df39f-e15a-4405-a16b-7715c67e3af4', 'ebe', '4e1dddc945e5fb4066a21911157671954c8e11916ce8e781410c71b589bff30a', 1, 1, 'ddd', 'ww', NULL, 1, 1764264126466, 'DESKTOP-2CU4D60', 0, '2025-11-27 17:22:06', '2025-11-27 17:22:06'),
(10, '58fa2520-4a59-4a2d-bcb3-cb587eeeb1be', 'eee', 'b000327e085d53289d8b5affa4f62c33e952e2165e4e6578308b39e9030261cb', 1, 1, 'eee', 'eee', 'ee@gmail.com', 0, 1764331647962, 'DESKTOP-2CU4D60', 0, '2025-11-27 17:37:35', '2025-11-28 12:07:27'),
(11, '2e6051a4-4952-4c00-b332-c9008c37642b', 'emy', '4e1dddc945e5fb4066a21911157671954c8e11916ce8e781410c71b589bff30a', 3, 1, 'emy', 'emy', 'emy@gmail.com', 1, 1764271905528, 'DESKTOP-2CU4D60', 0, '2025-11-27 19:31:45', '2025-11-27 19:31:45'),
(12, 'e0d56935-7cbc-4e7c-a300-3b6c57f9ae8e', 'dept', 'b000327e085d53289d8b5affa4f62c33e952e2165e4e6578308b39e9030261cb', 2, 1, 'dept', 'dept', 'dept@gmail.com', 1, 1764272177988, 'DESKTOP-2CU4D60', 0, '2025-11-27 19:36:17', '2025-11-27 19:36:17'),
(13, '304ae39b-e99a-44ec-a245-72dc055b0872', 'reka', '4e1dddc945e5fb4066a21911157671954c8e11916ce8e781410c71b589bff30a', 2, 1, 'reka', 'reka', 'reka@gmail.com', 1, 1764272248596, 'DESKTOP-2CU4D60', 0, '2025-11-27 19:37:28', '2025-11-27 19:37:28'),
(16, '806e5bea-6781-4c58-822f-843fdfa85f75', 'kalisa25', '4e1dddc945e5fb4066a21911157671954c8e11916ce8e781410c71b589bff30a', 1, 1, 'hellow', 'hellow 2', NULL, 1, 1764328035032, 'DESKTOP-2CU4D60', 0, '2025-11-28 11:07:15', '2025-11-28 11:07:15'),
(17, '9f78739a-d079-4a11-a639-ed0f1182a917', 'edison', '4e1dddc945e5fb4066a21911157671954c8e11916ce8e781410c71b589bff30a', 3, 1, 'edison', 'edison', 'edison@gmail.com', 1, 1764328124096, 'DESKTOP-2CU4D60', 0, '2025-11-28 11:08:44', '2025-11-28 11:08:44'),
(19, 'e6acf739-5058-4736-9ad4-06d150f2a408', 'edison2', '4e1dddc945e5fb4066a21911157671954c8e11916ce8e781410c71b589bff30a', 2, 1, 'edison2', 'edison', 'edison2@gmail.com', 1, 1764328227968, 'DESKTOP-2CU4D60', 0, '2025-11-28 11:10:27', '2025-11-28 11:10:27'),
(20, '059a89bb-7baa-4fbc-b05e-8392b700841a', 'meleck', '4e1dddc945e5fb4066a21911157671954c8e11916ce8e781410c71b589bff30a', 3, 1, 'meleck', 'meleck', 'meleck@gmail.com', 1, 1764336619672, 'DESKTOP-2CU4D60', 0, '2025-11-28 11:20:33', '2025-11-28 13:30:19'),
(21, '58f7ff18-802f-4c94-997c-7b1eafc856ee', 'gerege', '4e1dddc945e5fb4066a21911157671954c8e11916ce8e781410c71b589bff30a', 4, 1, 'gerege', 'gerege', 'gerege@gmail.com', 1, 1764336915816, 'DESKTOP-2CU4D60', 0, '2025-11-28 13:35:15', '2025-11-28 13:35:15'),
(23, 'a7bf4fce-41ff-4513-aaf7-4a74932498dc', 'eee2', '4e1dddc945e5fb4066a21911157671954c8e11916ce8e781410c71b589bff30a', 4, 1, 'eeee', 'eee', 'rrr@gmail.com', 1, 1764363262806, 'LAPTOP-ON1IKPH1', 0, '2025-11-28 20:54:21', '2025-11-28 20:54:21');

--
-- Indexes for dumped tables
--

--
-- Indexes for table `attachments`
--
ALTER TABLE `attachments`
  ADD PRIMARY KEY (`ATTACHMENT_ID`),
  ADD KEY `FK_ATTACH_RECORD` (`RECORD_ID`),
  ADD KEY `FK_ATTACH_UPLOADER` (`UPLOADED_BY`);

--
-- Indexes for table `audit_log`
--
ALTER TABLE `audit_log`
  ADD PRIMARY KEY (`LOG_ID`),
  ADD KEY `FK_AUDIT_USER` (`USER_ID`);

--
-- Indexes for table `departments`
--
ALTER TABLE `departments`
  ADD PRIMARY KEY (`DEPARTMENT_ID`),
  ADD UNIQUE KEY `UQ_UUID` (`SYNC_UUID`),
  ADD UNIQUE KEY `UQ_NAME` (`DEPARTMENT_NAME`),
  ADD KEY `FK_DEPT_HEAD` (`HEAD_USER_ID`);

--
-- Indexes for table `marks`
--
ALTER TABLE `marks`
  ADD PRIMARY KEY (`MARK_ID`),
  ADD UNIQUE KEY `UQ_SYNC_UUID` (`SYNC_UUID`),
  ADD UNIQUE KEY `UQ_RECORD_COURSE` (`RECORD_ID`,`COURSE_CODE`),
  ADD KEY `FK_MARK_ISSUED_BY` (`ISSUED_BY_USER_ID`);

--
-- Indexes for table `records`
--
ALTER TABLE `records`
  ADD PRIMARY KEY (`RECORD_ID`),
  ADD UNIQUE KEY `UQ_SYNC_UUID` (`SYNC_UUID`),
  ADD UNIQUE KEY `UQ_STUDENT_ID` (`STUDENT_ID_NO`),
  ADD KEY `FK_RECORD_DEPT` (`DEPARTMENT_ORIGIN_ID`),
  ADD KEY `FK_RECORD_CREATOR` (`CREATED_BY`);

--
-- Indexes for table `record_visibility`
--
ALTER TABLE `record_visibility`
  ADD PRIMARY KEY (`RECORD_ID`,`DEPARTMENT_ID`),
  ADD KEY `FK_RV_DEPT` (`DEPARTMENT_ID`),
  ADD KEY `FK_RV_GRANTED_BY` (`GRANTED_BY_USER_ID`);

--
-- Indexes for table `roles`
--
ALTER TABLE `roles`
  ADD PRIMARY KEY (`ROLE_ID`);

--
-- Indexes for table `sync_logs`
--
ALTER TABLE `sync_logs`
  ADD PRIMARY KEY (`LOG_ID`);

--
-- Indexes for table `sync_queue`
--
ALTER TABLE `sync_queue`
  ADD PRIMARY KEY (`QUEUE_ID`);

--
-- Indexes for table `users`
--
ALTER TABLE `users`
  ADD PRIMARY KEY (`USER_ID`),
  ADD UNIQUE KEY `UQ_USERNAME` (`USERNAME`),
  ADD UNIQUE KEY `UQ_EMAIL` (`EMAIL`),
  ADD KEY `FK_USER_ROLE` (`ROLE_ID`),
  ADD KEY `FK_USER_DEPT` (`DEPARTMENT_ID`);

--
-- AUTO_INCREMENT for dumped tables
--

--
-- AUTO_INCREMENT for table `attachments`
--
ALTER TABLE `attachments`
  MODIFY `ATTACHMENT_ID` int(11) NOT NULL AUTO_INCREMENT;

--
-- AUTO_INCREMENT for table `audit_log`
--
ALTER TABLE `audit_log`
  MODIFY `LOG_ID` bigint(20) NOT NULL AUTO_INCREMENT, AUTO_INCREMENT=117;

--
-- AUTO_INCREMENT for table `departments`
--
ALTER TABLE `departments`
  MODIFY `DEPARTMENT_ID` int(11) NOT NULL AUTO_INCREMENT, AUTO_INCREMENT=3;

--
-- AUTO_INCREMENT for table `marks`
--
ALTER TABLE `marks`
  MODIFY `MARK_ID` int(11) NOT NULL AUTO_INCREMENT, AUTO_INCREMENT=5;

--
-- AUTO_INCREMENT for table `records`
--
ALTER TABLE `records`
  MODIFY `RECORD_ID` int(11) NOT NULL AUTO_INCREMENT, AUTO_INCREMENT=5;

--
-- AUTO_INCREMENT for table `roles`
--
ALTER TABLE `roles`
  MODIFY `ROLE_ID` int(11) NOT NULL AUTO_INCREMENT, AUTO_INCREMENT=5;

--
-- AUTO_INCREMENT for table `sync_logs`
--
ALTER TABLE `sync_logs`
  MODIFY `LOG_ID` bigint(20) NOT NULL AUTO_INCREMENT, AUTO_INCREMENT=3;

--
-- AUTO_INCREMENT for table `sync_queue`
--
ALTER TABLE `sync_queue`
  MODIFY `QUEUE_ID` bigint(20) NOT NULL AUTO_INCREMENT, AUTO_INCREMENT=33;

--
-- AUTO_INCREMENT for table `users`
--
ALTER TABLE `users`
  MODIFY `USER_ID` int(11) NOT NULL AUTO_INCREMENT, AUTO_INCREMENT=24;

--
-- Constraints for dumped tables
--

--
-- Constraints for table `attachments`
--
ALTER TABLE `attachments`
  ADD CONSTRAINT `FK_ATTACH_RECORD` FOREIGN KEY (`RECORD_ID`) REFERENCES `records` (`RECORD_ID`) ON DELETE CASCADE,
  ADD CONSTRAINT `FK_ATTACH_UPLOADER` FOREIGN KEY (`UPLOADED_BY`) REFERENCES `users` (`USER_ID`);

--
-- Constraints for table `audit_log`
--
ALTER TABLE `audit_log`
  ADD CONSTRAINT `FK_AUDIT_USER` FOREIGN KEY (`USER_ID`) REFERENCES `users` (`USER_ID`) ON DELETE SET NULL;

--
-- Constraints for table `departments`
--
ALTER TABLE `departments`
  ADD CONSTRAINT `FK_DEPT_HEAD` FOREIGN KEY (`HEAD_USER_ID`) REFERENCES `users` (`USER_ID`) ON DELETE SET NULL;

--
-- Constraints for table `marks`
--
ALTER TABLE `marks`
  ADD CONSTRAINT `FK_MARK_ISSUED_BY` FOREIGN KEY (`ISSUED_BY_USER_ID`) REFERENCES `users` (`USER_ID`),
  ADD CONSTRAINT `FK_MARK_RECORD` FOREIGN KEY (`RECORD_ID`) REFERENCES `records` (`RECORD_ID`) ON DELETE CASCADE;

--
-- Constraints for table `records`
--
ALTER TABLE `records`
  ADD CONSTRAINT `FK_RECORD_CREATOR` FOREIGN KEY (`CREATED_BY`) REFERENCES `users` (`USER_ID`),
  ADD CONSTRAINT `FK_RECORD_DEPT` FOREIGN KEY (`DEPARTMENT_ORIGIN_ID`) REFERENCES `departments` (`DEPARTMENT_ID`);

--
-- Constraints for table `record_visibility`
--
ALTER TABLE `record_visibility`
  ADD CONSTRAINT `FK_RV_DEPT` FOREIGN KEY (`DEPARTMENT_ID`) REFERENCES `departments` (`DEPARTMENT_ID`),
  ADD CONSTRAINT `FK_RV_GRANTED_BY` FOREIGN KEY (`GRANTED_BY_USER_ID`) REFERENCES `users` (`USER_ID`),
  ADD CONSTRAINT `FK_RV_RECORD` FOREIGN KEY (`RECORD_ID`) REFERENCES `records` (`RECORD_ID`) ON DELETE CASCADE;

--
-- Constraints for table `users`
--
ALTER TABLE `users`
  ADD CONSTRAINT `FK_USER_DEPT` FOREIGN KEY (`DEPARTMENT_ID`) REFERENCES `departments` (`DEPARTMENT_ID`),
  ADD CONSTRAINT `FK_USER_ROLE` FOREIGN KEY (`ROLE_ID`) REFERENCES `roles` (`ROLE_ID`);
COMMIT;

/*!40101 SET CHARACTER_SET_CLIENT=@OLD_CHARACTER_SET_CLIENT */;
/*!40101 SET CHARACTER_SET_RESULTS=@OLD_CHARACTER_SET_RESULTS */;
/*!40101 SET COLLATION_CONNECTION=@OLD_COLLATION_CONNECTION */;
